Name,Age,Tm,Rdrs
Daniel Castro,23,ATL,-2
Philip Gosselin,27,ARI,-1
Casey McGehee,33,DET,0
Kyle Hendricks,26,CHC,4
Jeremy Hellickson,29,PHI,3
Kyle Gibson,28,MIN,1
Kendall Graveman,25,OAK,2
Dallas Keuchel,28,HOU,7
Ryan Hanigan,35,BOS,-3
J.A. Happ,33,TOR,5
Ross Stripling,26,LAD,2
Carlos Carrasco,29,CLE,4
David Price,30,BOS,2
Adam Wainwright,34,STL,1
Madison Bumgarner,26,SFG,4
Jhoulys Chacin,28,TOT,
Wade Miley,29,TOT,
Trevor Bauer,25,CLE,1
Andrew Cashner,29,TOT,
Hisashi Iwakuma,35,SEA,0
John Lackey,37,CHC,-3
Collin McHugh,29,HOU,2
Will Middlebrooks,27,MIL,2
Chris Sale,27,CHW,-1
Mike Foltynewicz,24,ATL,3
Paul Janish,33,BAL,0
Blake Snell,23,TBR,1
Matt Wisler,23,ATL,0
Anthony DeSclafani,26,CIN,-2
Jon Lester,32,CHC,1
Zach Britton,28,BAL,4
Jarred Cosart,26,TOT,
Scott Kazmir,32,LAD,2
Colin Rea,25,TOT,
Tyler Austin,24,NYY,-3
Wei-Yin Chen,30,MIA,2
Jeurys Familia,26,NYM,0
Brandon Kintzler,31,MIN,2
Mike Pelfrey,32,DET,-2
Joakim Soria,32,KCR,2
Mike Zunino,25,SEA,8
Jonathan Broxton,32,STL,1
Matt Bush,30,TEX,3
Marco Estrada,32,TOR,1
Pedro Florimon,29,PIT,1
Yovani Gallardo,30,BAL,1
Luke Gregerson,32,HOU,3
Ty Kelly,27,NYM,4
Zach Neal,27,OAK,1
Dan Otero,31,CLE,0
Mychal Givens,26,BAL,2
Miguel Gonzalez,32,CHW,1
Josh Phegley,28,OAK,-3
Erasmo Ramirez,26,TBR,1
Colby Rasmus,29,HOU,20
Brendan Ryan,34,LAA,1
Alex Claudio,24,TEX,1
Sam Dyson,28,TEX,-1
Matt Holliday,36,STL,-7
Chad Kuhl,23,PIT,2
Dixon Machado,24,DET,2
Jhan Marinez,27,TOT,
Tommy Milone,29,MIN,2
Dan Straily,27,CIN,0
John Axford,33,OAK,0
Hunter Strickland,27,SFG,-1
Carlos Torres,33,MIL,2
Cesar Vargas,24,SDP,0
Travis Wood,29,CHC,0
Austin Barnes,26,LAD,0
Chris Devenski,25,HOU,-1
Cole Figueroa,29,PIT,1
Tyrell Jenkins,23,ATL,1
Jim Johnson,33,ATL,1
John Lamb,25,CIN,-1
Mat Latos,28,TOT,
Seth Lugo,26,NYM,1
Ryan Madson,35,OAK,-1
Lance McCullers,22,HOU,3
Mike Morin,25,LAA,3
Joe Smith,32,TOT,
Arismendy Alcantara,24,OAK,-1
Yu Darvish,29,TEX,-2
Mike Freeman,28,TOT,
A.J. Griffin,28,TEX,1
Robert Gsellman,22,NYM,1
Don Kelly,36,MIA,1
Derek Law,25,SFG,2
Alberto Rosario,29,STL,-2
Dustin Ackley,28,NYY,3
Pat Dean,27,MIN,0
Randall Delgado,26,ARI,-1
Erik Gonzalez,24,CLE,0
Curtis Granderson,35,NYM,3
J.P. Howell,33,LAD,-1
Jared Hughes,30,PIT,-2
Jeremy Jeffress,28,TOT,
Ian Kennedy,31,KCR,-1
George Kontos,31,SFG,0
Joe Musgrove,23,HOU,1
Jordan Pacheco,30,CIN,0
A.J. Schugel,27,PIT,1
Xavier Scruggs,28,MIA,1
Vance Worley,28,BAL,-1
Tim Adleman,28,CIN,1
Joe Blanton,35,LAD,-1
Blaine Boyer,34,MIL,-1
Hunter Cervenka,26,TOT,
Louis Coleman,30,LAD,0
Daniel Coulombe,26,OAK,1
Mike Dunn,31,MIA,1
Will Harris,31,HOU,-2
Kelvin Herrera,26,KCR,1
Javier Lopez,38,SFG,0
Mark Melancon,31,TOT,
Daniel Mengden,23,OAK,1
Hector Neris,27,PHI,0
Roberto Osuna,21,TOR,0
Hunter Pence,33,SFG,-3
Williams Perez,25,ATL,-2
Cesar Ramos,32,TEX,1
Cody Reed,23,CIN,-1
Hector Rondon,28,CHC,0
Fernando Salas,31,TOT,
Keyvius Sampson,25,CIN,1
Rob Scahill,29,TOT,
Braden Shipley,24,ARI,1
Chasen Shreve,25,NYY,2
Tyler Skaggs,24,LAA,-3
Shawn Tolleson,28,TEX,0
Michael Tonkin,26,MIN,0
Carlos Villanueva,32,SDP,-1
Alex Wilson,29,DET,-1
Alex Wood,25,LAD,0
Cody Allen,27,CLE,1
Robert Andino,32,MIA,2
Matt Barnes,26,BOS,-1
Andy Burns,25,TOR,1
Mauricio Cabrera,22,ATL,0
Arquimedes Caminero,29,TOT,
Jose Dominguez,25,SDP,-1
Sean Doolittle,29,OAK,1
Taylor Featherston,26,PHI,1
Eddie Gamboa,31,TBR,2
Shane Greene,27,DET,0
Jesse Hahn,26,OAK,-2
David Hernandez,31,PHI,-1
Phil Hughes,30,MIN,0
JaCoby Jones,24,DET,1
Reynaldo Lopez,22,WSN,1
Brandon McCarthy,32,LAD,1
Joey Rickard,25,BAL,-8
David Robertson,31,CHW,0
Bryan Shaw,28,CLE,-2
Jake Thompson,22,PHI,1
Nick Wittgren,25,MIA,0
Blake Wood,30,CIN,-2
Richard Bleier,29,NYY,1
Wilfredo Boscan,26,PIT,0
Ryan Buchter,29,SDP,1
Enrique Burgos,25,ARI,-1
Emmanuel Burriss,31,PHI,-1
Santiago Casilla,35,SFG,0
Joba Chamberlain,30,CLE,1
Aroldis Chapman,28,TOT,
Alex Colome,27,TBR,1
Jake Diekman,29,TEX,1
Neftali Feliz,28,PIT,1
Cory Gearrin,30,SFG,-1
Ken Giles,25,HOU,-2
Sean Gilmartin,26,NYM,0
Chad Green,25,NYY,0
Justin Grimm,27,CHC,1
Donnie Hart,25,BAL,0
Liam Hendriks,27,OAK,-1
Pat Light,25,TOT,
Aaron Loup,28,TOR,1
Matt McBride,31,OAK,-1
Shelby Miller,25,ARI,-2
Jason Motte,34,COL,0
Daniel Nava,33,TOT,
Brett Nicholas,27,TEX,-1
Dillon Overton,24,OAK,2
Francisco Pena,26,BAL,-1
A.J. Ramos,29,MIA,1
Addison Reed,27,NYM,-1
Enny Romero,25,TBR,1
Robbie Ross,27,BOS,1
Rio Ruiz,22,ATL,0
Alfredo Simon,35,CIN,-2
Andrew Triggs,27,OAK,0
Ryan Webb,30,TBR,1
Daniel Wright,25,TOT,
Fernando Abad,30,TOT,
A.J. Achter,27,LAA,0
Alec Asher,24,PHI,0
Andrew Bailey,32,TOT,
Mike Bolsinger,28,LAD,-1
Brad Brach,30,BAL,-3
Leonel Campos,28,SDP,0
Jesse Chavez,32,TOT,
Zac Curtis,23,ARI,1
Wade Davis,30,KCR,0
Elias Diaz,25,PIT,0
Matt Dominguez,26,TOR,1
Carl Edwards,24,CHC,1
Buck Farmer,25,DET,1
Michael Feliz,23,HOU,-1
Casey Fien,32,TOT,
Blaine Hardy,29,DET,1
Keith Hessler,27,TOT,
Kevin Jepsen,31,TOT,
Taylor Jungmann,26,MIL,0
Tommy Kahnle,26,CHW,1
Casey Kelly,26,ATL,0
Hyun Soo Kim,28,BAL,-13
Adam Liberatore,29,LAD,-2
Tim Lincecum,32,LAA,-1
Kyle Lobstein,26,PIT,1
Mark Lowe,33,DET,1
Tyler Lyons,28,STL,0
Greg Mahle,23,LAA,0
Vidal Nuno,28,SEA,-1
Chris Parmelee,28,NYY,0
Kevin Quackenbush,27,SDP,-1
Anthony Ranaudo,26,TOT,
Trevor Rosenthal,26,STL,-1
Jerry Sands,28,CHW,0
Drew Storen,28,TOT,
Blake Swihart,24,BOS,-0
Tyler Thornburg,27,MIL,1
Drew VerHagen,25,DET,-1
Ryan Weber,25,ATL,-1
Justin Wilson,28,DET,-1
Andrew Albers,30,MIN,1
Brett Anderson,28,LAD,-1
Elvis Araujo,24,PHI,0
Matt Belisle,36,WSN,-2
Christian Bergman,28,COL,0
Brad Boxberger,28,TBR,-1
Sean Burnett,33,WSN,1
Marlon Byrd,38,CLE,1
Andrew Chafin,26,ARI,-1
Mike Clevinger,25,CLE,-1
Chris Colabello,32,TOR,1
Josh Collmenter,30,TOT,
Kyle Crockett,24,CLE,0
John Danks,31,CHW,1
Ike Davis,29,NYY,0
Rubby De La Rosa,27,ARI,0
Jaff Decker,26,TBR,-2
Ross Detwiler,30,TOT,
Oliver Drake,29,BAL,0
Edwin Escobar,24,ARI,0
Dana Eveland,32,TBR,-3
Dylan Floro,25,TBR,0
Carson Fulmer,22,CHW,1
John Gant,23,ATL,-1
Gonzalez Germen,28,COL,0
Lucas Giolito,21,WSN,0
Severino Gonzalez,23,PHI,-1
Nick Goody,24,NYY,0
Juan Graterol,27,LAA,1
Dalier Hinojosa,30,PHI,0
Luke Hochevar,32,KCR,0
Keone Kela,23,TEX,0
Dean Kiekhefer,27,STL,1
Wade LeBlanc,31,TOT,
Mikie Mahtook,26,TBR,1
Michael Mariot,27,PHI,1
German Marquez,21,COL,0
Evan Marshall,26,ARI,1
Nick Martinez,25,TEX,-1
Zach McAllister,28,CLE,-2
T.J. McFarland,27,BAL,-1
Tim Melville,26,CIN,0
Ryan Merritt,24,CLE,1
Kendrys Morales,33,KCR,-1
A.J. Morris,29,CIN,0
Scott Oberg,26,COL,1
Alexi Ogando,32,ATL,-2
Nefi Ogando,27,MIA,0
Ross Ohlendorf,33,CIN,-2
Oliver Perez,34,WSN,1
Jake Petricka,28,CHW,-1
Matt Purke,25,CHW,1
Juniel Querecuto,23,TBR,0
Edubray Ramos,23,PHI,-2
Hansel Robles,25,NYM,-2
Miguel Socolovich,29,STL,-1
Sammy Solis,27,WSN,0
Brock Stewart,24,LAD,-1
Huston Street,32,LAA,0
Jose Valdez,26,LAA,0
Pat Venditte,31,TOT,
Nick Vincent,29,SEA,1
Tom Wilhelmsen,32,TOT,
Raul Alcantara,23,OAK,-1
Dario Alvarez,27,TOT,
Tony Barnette,32,TEX,0
Jake Barrett,24,ARI,-1
Silvino Bracho,23,ARI,0
Craig Breslow,35,MIA,1
Matt Carasiti,24,COL,0
Brett Cecil,29,TOR,-2
Phil Coke,33,TOT,
Joseph Colon,26,CLE,1
Tyler Cravy,26,MIL,1
Odrisamer Despaigne,29,TOT,
Brian Duensing,33,BAL,1
Roenis Elias,27,BOS,1
Brian Ellington,25,MIA,0
Gavin Floyd,33,TOR,1
Luis Garcia,29,PHI,0
Yimi Garcia,25,LAD,0
Perci Garner,27,CLE,1
David Goforth,27,MIL,-1
Deolis Guerra,27,LAA,0
Steve Hathaway,25,ARI,-1
Gorkys Hernandez,28,SFG,1
Hernan Iribarren,32,CIN,0
Erik Johnson,26,TOT,
Shawn Kelley,32,WSN,0
Carson Kelly,21,STL,0
Craig Kimbrel,28,BOS,0
Jose Leclerc,22,TEX,0
Matt Magill,26,CIN,0
Jeff Manship,31,CLE,0
Justin Marks,28,TBR,0
Cody Martin,26,SEA,0
Kevin McCarthy,24,KCR,0
Kris Medlen,30,KCR,0
Adalberto Mejia,23,MIN,1
Andrew Miller,31,TOT,
Justin Miller,29,COL,-2
Dustin Molleken,31,DET,0
Rafael Montero,25,NYM,0
Bryan Morris,29,MIA,0
Brandon Morrow,31,SDP,-1
Charlie Morton,32,PHI,0
Colton Murray,26,PHI,-1
Ryan O'Rourke,28,MIN,0
Logan Ondrusek,31,BAL,0
James Pazos,25,NYY,0
Brad Peacock,28,HOU,1
Joel Peralta,40,TOT,
Wandy Peralta,24,CIN,0
Yefri Perez,25,MIA,0
Tommy Pham,28,STL,-4
Zach Putnam,28,CHW,0
Neil Ramirez,27,TOT,
Cory Rasmus,28,LAA,0
Chaz Roe,29,TOT,
Bruce Rondon,25,DET,0
Hyun-Jin Ryu,29,LAD,0
Warwick Saupold,26,DET,-1
Logan Schafer,29,MIN,0
Bo Schultz,30,TOR,0
Chris Smith,35,OAK,0
Robert Stephenson,23,CIN,0
Daniel Stumpf,25,PHI,0
Tyler Sturdevant,30,TBR,0
Jesus Sucre,28,SEA,-1
Anthony Swarzak,30,NYY,0
Tomas Telis,25,MIA,-1
Ryan Tepera,28,TOR,1
Tyler Wagner,25,ARI,1
Chase Whitley,27,TBR,0
Madison Younginer,25,ATL,0
Rob Zastryzny,24,CHC,-1
Albert Almora,22,CHC,3
Dan Altavilla,23,SEA,0
Shawn Armstrong,25,CLE,0
Homer Bailey,30,CIN,-2
Danny Barnes,26,TOR,0
Jabari Blash,26,SDP,2
Jed Bradley,26,ATL,0
Michael Brantley,29,CLE,1
Nick Buss,29,LAA,2
Gavin Cecchini,22,NYM,-1
Kevin Chapman,28,HOU,-1
J.T. Chargois,25,MIN,-1
Gerardo Concepcion,24,CHC,0
Jharel Cotton,24,OAK,-1
William Cuevas,25,BOS,0
Grant Dayton,28,LAD,0
Abel De Los Santos,23,CIN,0
Edwin Diaz,22,SEA,0
Matt Duffy,27,HOU,0
Josh Edgin,29,NYM,0
Robbie Erlin,25,SDP,0
Jake Esch,26,MIA,0
Andrew Faulkner,23,TEX,0
Josh Fields,30,TOT,
Steve Geltz,28,TBR,0
Chi Chi Gonzalez,24,TEX,-1
Anthony Gose,25,DET,-3
Javy Guerra,30,LAA,0
Jandel Gustave,23,HOU,-1
Franklin Gutierrez,33,SEA,-8
Drew Hayes,28,CIN,0
Roberto Hernandez,35,ATL,0
John Hicks,26,DET,0
J.J. Hoover,28,CIN,0
T.J. House,26,CLE,0
Cedric Hunter,28,PHI,-2
Tommy Hunter,29,TOT,
Drew Hutchison,25,TOT,
Luke Jackson,24,TEX,0
Steve Johnson,28,SEA,0
Matthew Joyce,31,PIT,-2
Phil Klein,27,TOT,
Rafael Lopez,28,CIN,0
David Lough,30,PHI,-0
Cory Luebke,31,PIT,0
Joe Mantiply,25,DET,0
Brian Matusz,29,TOT,
Jake McGee,29,COL,-1
Alex Meyer,26,TOT,
Alec Mills,24,KCR,0
Bryan Mitchell,25,NYY,1
Franklin Morales,30,TOR,0
Chris Narveson,34,MIA,0
Darren O'Day,33,BAL,0
Tyler Olson,26,NYY,0
Jonathan Papelbon,35,WSN,-1
Jarrett Parker,27,SFG,-2
Bobby Parnell,31,DET,0
Jordan Patterson,24,COL,0
David Paulino,22,HOU,0
Adam Plutko,24,CLE,0
A.J. Pollock,28,ARI,3
Brooks Pounders,25,KCR,0
Jose Ramirez,26,ATL,-1
Noe Ramirez,26,BOS,0
Josh Ravin,28,LAD,0
Jason Rogers,28,PIT,0
Adrian Sampson,24,SEA,0
Patrick Schuster,25,TOT,
Steve Selsky,26,CIN,-1
Shae Simmons,25,ATL,0
Josh Smith,28,CIN,-2
Kevan Smith,28,CHW,0
Josh Smoker,27,NYM,-1
Layne Somsen,27,CIN,0
Jacob Turner,25,CHW,-1
Jason Vargas,33,KCR,-1
Daniel Vogelbach,23,SEA,-1
Jerome Williams,34,STL,0
Gabriel Ynoa,23,NYM,0
Jesus Aguilar,26,CLE,0
Jorge Alfaro,23,PHI,-1
Dariel Alvarez,27,BAL,0
Chris Bassitt,27,OAK,-1
Chris Beck,25,CHW,-1
Ty Blach,25,SFG,0
Emilio Bonifacio,31,ATL,-1
Julio Borbon,30,BAL,-2
Jake Buchanan,26,CHC,0
Vicente Campos,23,ARI,0
Rusney Castillo,28,BOS,1
Jason Coats,26,CHW,1
Collin Cowgill,30,CLE,0
Carl Crawford,34,LAD,-4
Tony Cruz,29,KCR,0
Steve Delabar,32,CIN,0
Matt den Dekker,28,WSN,3
Hunter Dozier,24,KCR,0
Kyle Drabek,28,ARI,0
Cody Ege,25,TOT,
Andre Ethier,34,LAD,-1
Kendry Flores,24,MIA,0
Ben Gamel,24,TOT,
Leury Garcia,25,CHW,-2
Brian Goodwin,25,WSN,-1
Terrance Gore,25,KCR,1
Chris Heisey,31,WSN,-1
Oscar Hernandez,22,ARI,0
Destin Hood,26,MIA,-0
Jason Hursh,24,ATL,0
Kyle Jensen,28,ARI,1
Micah Johnson,25,LAD,0
Ryan Kalish,28,CHC,0
Logan Kensing,33,DET,0
Blake Lalli,33,ATL,0
Ryan LaMarre,27,BOS,0
Kyle Lohse,37,TEX,0
Manuel Margot,21,SDP,4
Jose Martinez,27,STL,-1
Victor Martinez,37,DET,-1
Darin Mastroianni,30,MIN,0
Shawn Morimando,23,CLE,0
Mike Morse,34,PIT,0
Joe Nathan,41,TOT,
Hector Olivera,31,ATL,-1
Matt Olson,22,OAK,0
David Ortiz,40,BOS,1
Adam Ottavino,30,COL,0
Blake Parker,31,TOT,
Spencer Patton,28,CHC,-1
David Peralta,28,ARI,3
Dalton Pompey,23,TOR,0
Fernando Rodriguez,32,OAK,0
David Rollins,26,SEA,0
Sergio Romo,33,SFG,0
Jorge Rondon,28,PIT,0
Tyson Ross,29,SDP,0
Michael Roth,26,TEX,0
Kyle Schwarber,23,CHC,0
Blake Smith,28,CHW,0
Jacob Stallings,26,PIT,0
Max Stassi,25,HOU,0
Matt Strahm,24,KCR,0
Chris Stratton,25,SFG,0
Matt Szczur,26,CHC,4
Raimel Tapia,22,COL,1
Matt Thornton,39,SDP,0
Charlie Tilson,23,CHW,0
Will Venable,33,LAD,0
Kyle Waldrop,24,CIN,0
Zach Walters,26,LAD,0
Mason Williams,24,NYY,-1
Trevor Williams,24,PIT,0
Chris Young,32,BOS,-2
Eric Young,31,NYY,0
Travis d'Arnaud,27,NYM,-4
Sandy Leon,27,BOS,-1
Adrian Gonzalez,34,LAD,3
Yadier Molina,33,STL,2
Mitch Moreland,30,TEX,7
A.J. Ellis,35,TOT,
Wil Myers,25,SDP,7
Joe Mauer,33,MIN,6
Wilson Ramos,28,WSN,-1
Paul Goldschmidt,28,ARI,4
Mookie Betts,23,BOS,32
Austin Romine,27,NYY,-1
Edwin Encarnacion,33,TOR,0
Robinson Chirinos,32,TEX,-1
Josh Thole,29,TOR,1
Jose Lobaton,31,WSN,2
Mark Teixeira,36,NYY,2
Buster Posey,29,SFG,24
Dae-ho Lee,34,SEA,-3
Denard Span,32,SFG,-7
Freddie Freeman,26,ATL,9
Salvador Perez,26,KCR,3
Rene Rivera,32,NYM,6
Justin Smoak,29,TOR,-5
Russell Martin,33,TOR,6
Tuffy Gosewisch,32,ARI,-2
Hanley Ramirez,32,BOS,-5
Kennys Vargas,25,MIN,-1
Roberto Perez,27,CLE,8
Yonder Alonso,29,OAK,-5
Robinson Cano,33,SEA,11
Evan Gattis,29,HOU,4
Bryan Holaday,28,TOT,
Randal Grichuk,24,STL,8
Anthony Rizzo,26,CHC,11
Jason Castro,29,HOU,4
Ryan Zimmerman,31,WSN,-2
Christian Vazquez,25,BOS,5
Travis Jankowski,25,SDP,8
Yasmani Grandal,27,LAD,14
Eric Hosmer,26,KCR,-6
Alex Avila,29,CHW,-1
Tyler Flowers,30,ATL,2
Jake Marisnick,25,HOU,18
Byung Ho Park,29,MIN,2
Jayson Werth,37,WSN,-8
Carlos Perez,25,LAA,8
Peter Bourjos,29,PHI,1
Brian McCann,32,NYY,-5
James McCann,26,DET,9
John Ryan Murphy,25,MIN,-1
Jon Jay,31,SDP,-5
Nori Aoki,34,SEA,-4
Justin Bour,28,MIA,0
Yan Gomes,28,CLE,0
Anthony Recker,32,ATL,-7
Aaron Hicks,26,NYY,4
Bruce Maxwell,25,OAK,-1
Jake Smolinski,27,OAK,-3
Miguel Cabrera,33,DET,-6
Adam Jones,30,BAL,-10
Cameron Rupp,27,PHI,-10
Caleb Joseph,30,BAL,2
Brandon Belt,28,SFG,10
Jonathan Lucroy,30,TOT,
Christian Colon,27,KCR,8
Trevor Brown,24,SFG,-5
Ji-Man Choi,25,LAA,0
Seth Smith,33,SEA,-7
George Springer,26,HOU,6
Joey Votto,32,CIN,-14
John Jaso,32,PIT,-3
Ben Paulsen,28,COL,-5
Adam Lind,32,SEA,-2
Nomar Mazara,21,TEX,-5
Chris Iannetta,33,SEA,-10
Logan Morrison,28,TBR,-4
Jett Bandy,26,LAA,2
Clint Robinson,31,WSN,-1
Mark Reynolds,32,COL,4
Dustin Garneau,28,COL,1
Curt Casali,27,TBR,11
Bobby Wilson,33,TOT,
Kurt Suzuki,32,MIN,-12
Ramon Flores,24,MIL,-2
Ezequiel Carrera,29,TOR,7
Chris Davis,30,BAL,6
Eric Campbell,29,NYM,0
Jason Heyward,26,CHC,18
Kevin Kiermaier,26,TBR,25
C.J. Cron,26,LAA,3
Chris Johnson,31,MIA,1
Jose Abreu,29,CHW,-5
Omar Narvaez,24,CHW,-2
Brandon Moss,32,STL,0
Ichiro Suzuki,42,MIA,6
Bryce Harper,23,WSN,-3
Joc Pederson,24,LAD,1
Michael Taylor,25,WSN,-2
Chris Gimenez,33,CLE,-5
Chris Herrmann,28,ARI,0
Carlos Ruiz,37,TOT,
Tucker Barnhart,25,CIN,-3
Mallex Smith,23,ATL,7
Chris Carter,29,MIL,-5
Jackie Bradley,26,BOS,11
Welington Castillo,29,ARI,2
Ryan Rua,26,TEX,1
Leonys Martin,28,SEA,-2
A.J. Pierzynski,39,ATL,-6
Manny Pina,29,MIL,-1
Nolan Reimold,32,BAL,-1
Joe Panik,25,SFG,3
DJ LeMahieu,27,COL,3
Stephen Vogt,31,OAK,-10
Carlos Gomez,30,TOT,
J.T. Realmuto,25,MIA,-13
Alex Gordon,32,KCR,4
Jose Iglesias,26,DET,3
Cliff Pennington,32,LAA,4
A.J. Reed,23,HOU,0
Carlos Santana,30,CLE,1
Gregor Blanco,32,SFG,-7
Brett Eibner,27,TOT,
Gary Sanchez,23,NYY,3
Jeff Mathis,33,MIA,8
Lucas Duda,30,NYM,0
Aaron Altherr,25,PHI,3
Francisco Cervelli,30,PIT,6
Tyler White,25,HOU,1
Jarrod Saltalamacchia,31,DET,-9
Max Muncy,25,OAK,-0
Albert Pujols,36,LAA,-4
Andrew McCutchen,29,PIT,-28
Andrew Romine,30,DET,-1
Cody Asche,26,PHI,-5
Marwin Gonzalez,27,HOU,5
Luke Maile,25,TBR,6
Hank Conger,28,TBR,-2
Derek Norris,27,SDP,14
Jarrod Dyson,31,KCR,19
Chris Stewart,34,PIT,-5
Dustin Pedroia,32,BOS,12
Carlos Beltran,39,TOT,
Juan Lagares,27,NYM,8
Derek Dietrich,26,MIA,-0
Charlie Blackmon,29,COL,-2
Christian Bethancourt,24,SDP,-0
Matt Adams,27,STL,1
Devin Mesoraco,28,CIN,0
Eric Fryer,30,TOT,
Michael Saunders,29,TOR,-11
Chris Coghlan,31,TOT,
Erik Kratz,36,TOT,
Billy Hamilton,25,CIN,15
Tyler Holt,27,CIN,-7
Matt Kemp,31,TOT,
Tyler Naquin,25,CLE,-18
Tommy Joseph,24,PHI,-6
Jacoby Ellsbury,32,NYY,8
Chase Utley,37,LAD,-3
Hanser Alberto,23,TEX,8
Mike Trout,24,LAA,6
Ender Inciarte,25,ATL,15
Pedro Severino,22,WSN,0
James Loney,32,NYM,2
Jonathan Schoop,24,BAL,-1
Josh Harrison,28,PIT,8
Shane Robinson,31,LAA,6
Brian Dozier,29,MIN,3
Ramon Cabrera,26,CIN,-8
Billy Burns,26,TOT,
Adam Eaton,27,CHW,20
Lorenzo Cain,30,KCR,11
Brett Gardner,32,NYY,12
Carlos Gonzalez,30,COL,4
Steve Pearce,33,TOT,
Ben Revere,28,WSN,2
Kevin Plawecki,25,NYM,3
Tyler Ladendorf,28,OAK,1
Nick Hundley,32,COL,-16
Jemile Weeks,29,SDP,4
Miguel Montero,32,CHC,-2
Matt Wieters,30,BAL,-3
Melvin Upton,31,TOT,
Yulieski Gurriel,32,HOU,0
Darin Ruf,29,PHI,-2
Ian Kinsler,34,DET,12
Steve Clevenger,30,SEA,-2
Nick Markakis,32,ATL,10
Melky Cabrera,31,CHW,-5
Jose Altuve,26,HOU,-2
Chase d'Arnaud,29,ATL,-3
Tyler Collins,26,DET,-4
Jose Bautista,35,TOR,-8
Ivan De Jesus,29,CIN,0
Willson Contreras,24,CHC,-1
Nelson Cruz,35,SEA,-3
J.J. Hardy,33,BAL,6
Geovany Soto,33,LAA,-3
Freddy Galvis,26,PHI,5
Trea Turner,23,WSN,0
Richie Shaffer,25,TBR,1
Martin Maldonado,29,MIL,7
Dioner Navarro,32,TOT,
Miguel Rojas,27,MIA,0
Ryan Braun,32,MIL,6
Asdrubal Cabrera,30,NYM,-7
Johnny Giavotella,28,LAA,-1
Tony Wolters,24,COL,5
Stephen Piscotty,25,STL,3
Jorge Soler,24,CHC,-5
Guillermo Heredia,25,SEA,3
Lonnie Chisenhall,27,CLE,3
Neil Walker,30,NYM,0
Corey Dickerson,27,TBR,2
Mike Napoli,34,CLE,-4
Justin Upton,28,DET,-0
Ben Zobrist,35,CHC,-3
Jean Segura,26,ARI,0
Jimmy Rollins,37,CHW,-3
Alexi Amarista,27,SDP,-3
J.B. Shuck,29,CHW,-12
Jordy Mercer,29,PIT,-9
Kirk Nieuwenhuis,28,MIL,1
LgAvg,,,
Shawn O'Malley,28,SEA,1
Mitch Haniger,25,ARI,1
Marcell Ozuna,25,MIA,-5
Howie Kendrick,32,LAD,-5
Kole Calhoun,28,LAA,2
Jed Lowrie,32,OAK,-8
Avisail Garcia,25,CHW,1
Byron Buxton,22,MIN,3
Coco Crisp,36,TOT,
Alex Presley,30,TOT,
Austin Jackson,29,CHW,-5
Jose Peraza,22,CIN,-8
Paulo Orlando,30,KCR,10
Steven Souza,27,TBR,2
Gordon Beckham,29,TOT,
Stephen Cardullo,28,COL,0
Whit Merrifield,27,KCR,6
Juan Centeno,26,MIN,-5
Rob Segedin,27,LAD,-1
Aaron Hill,34,TOT,
Sean Rodriguez,31,PIT,3
Troy Tulowitzki,31,TOR,10
Joey Wendle,26,OAK,1
Desmond Jennings,29,TBR,7
Kevin Pillar,27,TOR,21
Brandon Crawford,29,SFG,19
Dexter Fowler,30,CHC,1
Ryan Schimpf,28,SDP,-6
Cameron Maybin,29,DET,-11
Daniel Murphy,31,WSN,-11
Francisco Lindor,22,CLE,17
Giancarlo Stanton,26,MIA,4
Andrew Benintendi,21,BOS,-1
Ryan Howard,36,PHI,-9
Ryan Goins,28,TOR,2
Oswaldo Arcia,25,TOT,
Domingo Santana,23,MIL,-10
Jefry Marte,25,LAA,-1
Cesar Hernandez,26,PHI,4
Andrelton Simmons,26,LAA,18
Enrique Hernandez,24,LAD,3
Starling Marte,27,PIT,17
David Ross,39,CHC,13
Alejandro De Aza,32,NYM,2
Tim Beckham,26,TBR,3
Logan Forsythe,29,TBR,1
David Freese,33,PIT,5
Conor Gillaspie,28,SFG,6
Yoenis Cespedes,30,NYM,-3
Kolten Wong,25,STL,4
Jason Kipnis,29,CLE,4
Orlando Arcia,21,MIL,-1
Ryan Flaherty,29,BAL,4
Drew Butera,32,KCR,-5
Starlin Castro,26,NYY,-8
Ronald Torreyes,23,NYY,-1
Gerardo Parra,29,COL,-11
Brandon Barnes,30,COL,7
Zack Cozart,30,CIN,8
Tim Federowicz,28,CHC,-3
Austin Hedges,23,SDP,-1
Trayce Thompson,25,LAD,1
Rajai Davis,35,CLE,-8
Carlos Sanchez,24,CHW,1
Jhonny Peralta,34,STL,-8
Matt Duffy,25,TOT,
Dee Gordon,28,MIA,1
Zack Greinke,32,ARI,7
Mark Canha,27,OAK,1
Tom Murphy,25,COL,1
Brock Holt,28,BOS,5
Josh Bell,23,PIT,-8
Scott Schebler,25,CIN,-2
Jose Ramirez,23,CLE,-1
Eddie Rosario,24,MIN,2
Alcides Escobar,29,KCR,-6
Matt Carpenter,30,STL,-5
Michael Conforto,23,NYM,1
Xander Bogaerts,23,BOS,-10
Jay Bruce,29,TOT,
Chris Owings,24,ARI,-1
Jedd Gyorko,27,STL,5
Tanner Roark,29,WSN,-1
Tony Renda,25,CIN,1
Drew Stubbs,31,TOT,
Carlos Correa,21,HOU,-3
Raul Mondesi,20,KCR,-1
Yasiel Puig,25,LAD,7
Brett Lawrie,26,CHW,-4
Christian Yelich,24,MIA,6
Luis Valbuena,30,HOU,1
Jerad Eickhoff,25,PHI,3
Adeiny Hechavarria,27,MIA,9
Trevor Story,23,COL,4
Rob Refsnyder,25,NYY,0
Jurickson Profar,23,TEX,2
Michael Wacha,24,STL,4
Gregory Polanco,24,PIT,2
Odubel Herrera,24,PHI,6
Brandon Phillips,35,CIN,-7
Omar Infante,34,KCR,-3
Stephen Drew,33,WSN,0
Tyler Saladino,26,CHW,3
Matt Reynolds,25,NYM,-1
David Dahl,22,COL,-1
Anthony Rendon,26,WSN,8
Masahiro Tanaka,27,NYY,7
Billy Butler,30,TOT,
Adam Duvall,27,CIN,16
Adrian Beltre,37,TEX,15
Abraham Almonte,27,CLE,6
Hector Sanchez,26,TOT,
Manny Machado,23,BAL,16
Brandon Drury,23,ARI,-13
Jason Hammel,33,CHC,0
James Beresford,27,MIN,0
Scott Van Slyke,29,LAD,3
Evan Longoria,30,TBR,-9
Daniel Descalso,29,COL,-1
Scooter Gennett,26,MIL,-4
Danny Santana,25,MIN,-8
Angel Pagan,34,SFG,-6
Julio Teheran,25,ATL,0
Gio Gonzalez,30,WSN,-2
Devon Travis,25,TOR,2
Addison Russell,22,CHC,19
Nick Ahmed,26,ARI,13
Darwin Barney,30,TOR,9
Brandon Guyer,30,TOT,
Taylor Motter,26,TBR,1
Edinson Volquez,32,KCR,-5
Elvis Andrus,27,TEX,-3
Didi Gregorius,26,NYY,-9
Trevor Plouffe,30,MIN,-4
Todd Frazier,30,CHW,-2
Aaron Judge,24,NYY,-1
Chase Headley,32,NYY,7
Nolan Arenado,25,COL,20
Rafael Ortega,25,LAA,-0
Jeff Francoeur,32,TOT,
Justin Verlander,33,DET,5
Corey Kluber,30,CLE,3
Keon Broxton,26,MIL,9
Josh Reddick,29,TOT,
Eduardo Escobar,27,MIN,-6
Martin Prado,32,MIA,3
Mark Trumbo,30,BAL,-11
Alex Dickerson,26,SDP,1
Alexei Ramirez,34,TOT,
Mike Moustakas,27,KCR,1
Cristhian Adames,24,COL,1
Delino DeShields,23,TEX,-0
Justin Turner,31,LAD,7
Travis Shaw,26,BOS,14
R.A. Dickey,41,TOR,6
Martin Perez,25,TEX,-1
Max Kepler,23,MIN,6
J.D. Martinez,28,DET,-22
Roman Quinn,23,PHI,1
Marcus Semien,25,OAK,-6
Brad Miller,26,TBR,-17
Carlos Asuaje,24,SDP,-1
Khris Davis,28,OAK,-1
Danny Espinosa,29,WSN,8
Gregorio Petit,31,LAA,-3
Wilmer Flores,24,NYM,-12
Rougned Odor,22,TEX,-9
Danny Worth,30,HOU,1
Nick Noonan,27,SDP,-4
Prince Fielder,32,TEX,-1
Erick Aybar,32,TOT,
Jace Peterson,26,ATL,-8
Mac Williamson,25,SFG,4
Brett Wallace,29,SDP,-5
Steven Matz,25,NYM,-1
Max Scherzer,31,WSN,1
Tyler Goeddel,23,PHI,-3
Andrew Susac,26,MIL,-1
Michael Bourn,33,TOT,
Corey Seager,22,LAD,0
Javier Baez,23,CHC,16
Eduardo Nunez,29,TOT,
Kaleb Cowart,24,LAA,1
T.J. Rivera,27,NYM,-2
Luis Sardinas,23,TOT,
Yangervis Solarte,28,SDP,-2
Shin-Soo Choo,33,TEX,-4
Kelly Johnson,34,TOT,
Michael Fulmer,23,DET,-4
Andrew Toles,24,LAD,5
Craig Gentry,32,LAA,1
Brandon Nimmo,23,NYM,1
Yasmany Tomas,25,ARI,-16
Kris Bryant,24,CHC,10
Andres Blanco,32,PHI,-8
Kelby Tomlinson,26,SFG,2
Ian Desmond,30,TEX,-4
Charlie Culberson,27,LAD,2
Aaron Nola,23,PHI,-1
Ervin Santana,33,MIN,1
Nicholas Castellanos,24,DET,-11
Tim Anderson,23,CHW,6
Danny Valencia,31,OAK,-18
Chase Anderson,28,MIL,5
Drew Smyly,27,TBR,1
Reid Brignac,30,ATL,1
Jose Pirela,26,SDP,-1
Bryce Brentz,27,BOS,-2
Adam Rosales,33,SDP,3
Aledmys Diaz,25,STL,-3
Jeff Samardzija,31,SFG,-1
Donovan Solano,28,NYY,0
Mike Fiers,31,HOU,3
Greg Garcia,26,STL,3
Josh Donaldson,30,TOR,2
Juan Uribe,37,CLE,1
Maikel Franco,23,PHI,-6
Hernan Perez,25,MIL,3
Jose Reyes,33,NYM,-8
Aaron Sanchez,23,TOR,-1
Colin Walsh,26,MIL,-1
Hector Santiago,28,TOT,
Munenori Kawasaki,35,CHC,-1
Ryan Raburn,35,COL,-2
Reymond Fuentes,25,KCR,-3
Teoscar Hernandez,23,HOU,1
Nick Franklin,25,TBR,-7
Johnny Cueto,30,SFG,3
Jon Niese,29,TOT,
Albert Suarez,26,SFG,4
Adam Moore,32,CLE,0
Preston Tucker,25,HOU,-4
Jimmy Paredes,27,TOT,
Ehire Adrianza,26,SFG,0
Matt Harvey,27,NYM,1
Chris Rusin,29,COL,3
Tyler Duffey,25,MIN,-4
Juan Nicasio,29,PIT,0
Kyle Seager,28,SEA,15
Ketel Marte,22,SEA,-2
Chad Bettis,27,COL,0
Wilmer Difo,24,WSN,0
Tony Kemp,24,HOU,-3
Jose Quintana,27,CHW,3
Rick Porcello,27,BOS,-3
Sonny Gray,26,OAK,-1
Matt Andriese,26,TBR,-4
Todd Cunningham,27,LAA,2
Michael Martinez,33,TOT,
Jonathan Villar,25,MIL,0
Ryon Healy,24,OAK,-2
Dansby Swanson,22,ATL,0
Grant Green,28,SFG,-3
David Wright,33,NYM,-8
Christian Friedrich,28,SDP,4
Patrick Corbin,26,ARI,-1
Nathan Eovaldi,26,NYY,1
Taijuan Walker,23,SEA,-1
Joey Gallo,22,TEX,0
Jeremy Hazelbaker,28,STL,-3
Marco Hernandez,23,BOS,-6
Adam Conley,26,MIA,-1
Michael Reed,23,MIL,2
Junior Lake,26,TOR,-2
Justin Ruggiano,34,TOT,
Cheslor Cuthbert,23,KCR,-12
Justin Nicolino,24,MIA,1
Colin Moran,23,HOU,1
Logan Verrett,26,NYM,1
Jon Gray,24,COL,-2
Archie Bradley,23,ARI,-2
Jared Hoying,27,TEX,-2
Peter O'Brien,25,ARI,-1
Josh Rutledge,27,BOS,1
Gerrit Cole,25,PIT,4
Tyler Chatwood,26,COL,3
Jacob deGrom,28,NYM,1
Jake Arrieta,30,CHC,5
Bartolo Colon,43,NYM,8
Jake Lamb,25,ARI,-8
Julio Urias,19,LAD,3
Clayton Kershaw,28,LAD,0
Joe Ross,23,WSN,0
Brandon Finnegan,23,CIN,-1
Sean Manaea,24,OAK,-1
Stephen Strasburg,27,WSN,-1
Cole Gillespie,32,MIA,-3
Yadiel Rivera,24,MIL,2
Eugenio Suarez,24,CIN,1
Jose Rondon,22,SDP,-6
Ricky Nolasco,33,TOT,
Chris Archer,27,TBR,-1
Chad Pinder,24,OAK,-2
Tyler Anderson,26,COL,5
Matt Shoemaker,29,LAA,3
Tony Cingrani,26,CIN,5
Jake Elmore,29,MIL,-3
Nate Jones,30,CHW,1
Jose Urena,24,MIA,-1
Tom Koehler,30,MIA,-3
Carlos Rodon,23,CHW,-6
Bud Norris,31,TOT,
Jeanmar Gomez,28,PHI,-1
Raisel Iglesias,26,CIN,1
Brayan Pena,34,STL,-2
Adonis Garcia,31,ATL,-9
Robbie Grossman,26,MIN,-21
Chris Taylor,25,TOT,
Socrates Brito,23,ARI,2
Ramiro Pena,30,SFG,0
Mike Aviles,35,DET,-6
Michael Pineda,27,NYY,1
Mike Leake,28,STL,4
Zach Duke,33,TOT,
Blake Treinen,28,WSN,1
Eduardo Rodriguez,23,BOS,2
Ian Krol,25,ATL,1
Scott Feldman,33,TOT,
Tommy Layne,31,TOT,
Clay Buchholz,31,BOS,0
Michael Lorenzen,24,CIN,0
Yunel Escobar,33,LAA,-11
Jorge Polanco,22,MIN,-8
Zach Davies,23,MIL,0
Doug Fister,32,HOU,2
Jung Ho Kang,29,PIT,-2
Adam Frazier,24,PIT,-2
Carlos Martinez,24,STL,-1
Yoan Moncada,21,BOS,0
Danny Salazar,26,CLE,-4
Steven Moya,24,DET,-6
Kenta Maeda,28,LAD,5
Alex Bregman,22,HOU,4
Felix Hernandez,30,SEA,-2
Matt Moore,27,TOT,
Anibal Sanchez,32,DET,-3
Jose Berrios,22,MIN,2
Felipe Rivero,24,TOT,
Brad Ziegler,36,TOT,
Deven Marrero,25,BOS,1
Ryan Pressly,27,MIN,0
Aaron Blair,24,ATL,0
Jake Peavy,35,SFG,2
Adam Warren,28,TOT,
Jered Weaver,33,LAA,-4
Tommy La Stella,27,CHC,-2
Josh Tomlin,31,CLE,0
Rickie Weeks,33,ARI,-7
Jake Odorizzi,26,TBR,1
Steven Wright,31,BOS,3
Ubaldo Jimenez,32,BAL,-4
Luis Cessa,24,NYY,1
Alen Hanson,23,PIT,-2
Dylan Bundy,23,BAL,1
Pat Valaika,23,COL,0
Stefen Romero,27,SEA,-2
Darrell Ceciliani,26,TOR,-1
Jaime Garcia,29,STL,1
Matthew Bowman,25,STL,3
Cory Spangenberg,25,SDP,2
Miguel Sano,23,MIN,-10
Jose Fernandez,23,MIA,-2
Ivan Nova,29,TOT,
Nick Tropeano,25,LAA,2
Joel De La Cruz,27,ATL,1
Brad Hand,26,SDP,-1
Dan Jennings,29,CHW,1
Josh Osich,27,SFG,0
Brandon Maurer,25,SDP,0
Tony Watson,31,PIT,0
Dan Robertson,30,SEA,-1
Andy Wilkins,27,MIL,-1
Robbie Ray,24,ARI,0
Rich Hill,36,TOT,
Junior Guerra,31,MIL,1
Marcus Stroman,25,TOR,-1
Jeff Locke,28,PIT,1
Luis Perdomo,23,SDP,-5
Danny Farquhar,29,TBR,1
Chris Young,37,KCR,0
Luke Weaver,22,STL,2
Lucas Harrell,31,TOT,
Pedro Strop,31,CHC,1
Brandon Snyder,29,ATL,0
Ruben Tejada,26,TOT,
Drew Pomeranz,27,TOT,
Jordan Zimmermann,30,DET,2
Kevin Gausman,25,BAL,-1
Zack Godley,26,ARI,1
Jameson Taillon,24,PIT,0
Trevor Cahill,28,CHC,-1
Cole Hamels,32,TEX,-3
Chris Tillman,28,BAL,-1
Boone Logan,31,COL,0
Kyle Barraclough,26,MIA,0
Xavier Cedeno,29,TBR,1
Heath Hembree,27,BOS,-2
Tony Sipp,32,HOU,0
Chris Withrow,27,ATL,-1
Jordan Lyles,25,COL,-3
Dustin McGowan,34,MIA,-2
Francisco Rodriguez,34,DET,-1
Vince Velasquez,24,PHI,-1
Luis Severino,22,NYY,3
Noah Syndergaard,23,NYM,-6
Wily Peralta,27,MIL,-2
Matt Cain,31,SFG,0
J.C. Ramirez,27,TOT,
Steve Cishek,30,SEA,0
Paul Clemens,28,TOT,
Colby Lewis,36,TEX,0
Pat Neshek,35,HOU,-1
Seung-hwan Oh,33,STL,-3
Tyler Clippard,31,TOT,
Cody Anderson,25,CLE,-1
Daniel Norris,23,DET,0
Mike Montgomery,26,TOT,
Hunter Renfroe,24,SDP,-1
Joe Biagini,26,TOR,-1
Fernando Rodney,39,TOT,
Alex Cobb,28,TBR,1
Michael Ynoa,24,CHW,1
Robert Whalen,22,ATL,-1
Miguel Castro,21,COL,0
Chris Hatcher,31,LAD,-1
Kyle Ryan,24,DET,0
Patrick Kivlehan,26,TOT,
Jimmy Nelson,27,MIL,-6
Yordano Ventura,25,KCR,0
James Shields,34,TOT,
Nate Karns,28,SEA,-3
Danny Duffy,27,KCR,0
Kevin Siegrist,26,STL,0
Jose Alvarez,27,LAA,0
Matt Boyd,25,DET,-1
Jason Gurka,28,COL,1
Brent Suter,26,MIL,2
Mike Wright,26,BAL,-1
Buddy Boshers,28,MIN,-2
Jose De Leon,23,LAD,-1
Jason Grilli,39,TOT,
Kirby Yates,29,NYY,-1
James Hoyt,29,HOU,-1
Junichi Tazawa,30,BOS,0
Arodys Vizcaino,25,ATL,-1
Francisco Liriano,32,TOT,
Jorge De La Rosa,35,COL,-6
Taylor Rogers,25,MIN,2
Dillon Gee,30,KCR,-2
Adam Morgan,26,PHI,-1
Derek Holland,29,TEX,1
David Phelps,29,MIA,2
Clayton Richard,32,TOT,
CC Sabathia,35,NYY,-3
Tyler Wilson,26,BAL,-2
Matt Albers,33,CHW,-1
Brian Flynn,26,KCR,0
Seth Maness,27,STL,1
Edwin Jackson,32,TOT,
Antonio Bastardo,30,TOT,
Corey Knebel,24,MIL,0
Yusmeiro Petit,31,WSN,-2
Koji Uehara,41,BOS,-1
Jacob Barnes,26,MIL,0
Jim Henderson,33,NYM,-2
Joe Kelly,28,BOS,-2
Jeff Hoffman,23,COL,0
Eric Surkamp,28,OAK,-1
Zach Eflin,22,PHI,0
Brett Oberholtzer,26,TOT,
James Paxton,27,SEA,-1
Peter Moylan,37,KCR,1
Luis Avilan,26,LAD,-1
Will Smith,26,TOT,
Ryan Vogelsong,38,PIT,-1
Michael Blazek,27,MIL,0
Jeimer Candelario,22,CHC,0
Ryan Garton,26,TBR,-2
Koda Glover,23,WSN,-1
Daniel Hudson,29,ARI,-2
Pablo Sandoval,29,BOS,-1
Chien-Ming Wang,36,KCR,-1
Steven Brault,24,PIT,0
Kenley Jansen,28,LAD,-1
Ariel Miranda,27,TOT,
Alex Wimmers,27,MIN,-1
Ryan Dull,26,OAK,0
Carlos Estevez,23,COL,-2
Eddie Butler,25,COL,-1
Dellin Betances,28,NYY,-7
Pedro Baez,28,LAD,1
Caleb Cotham,28,CIN,-1
Scott Alexander,26,KCR,-2
Jerry Blevins,32,NYM,0
Erik Goeddel,27,NYM,-1
Chad Girodo,25,TOR,-1
Matt Garza,32,MIL,-3
Garrett Richards,28,LAA,-1
Joaquin Benoit,38,TOT,
Marc Rzepczynski,30,TOT,
Alex Reyes,21,STL,1
Jumbo Diaz,32,CIN,-2
Cam Bedrosian,24,LAA,-1
Brandon Cunniff,27,ATL,0
Tyler Glasnow,22,PIT,-2
Ben Heller,24,NYY,1
Eric O'Flaherty,31,ATL,-2
Sean O'Sullivan,28,BOS,-2
Jon Moscot,24,CIN,-2
Chad Qualls,37,COL,-3
Pedro Alvarez,29,BAL,-4
Chris Capuano,37,MIL,0
Yohan Flande,30,COL,-1
Sam Freeman,29,MIL,0
Frank Herrmann,32,PHI,1
David Huff,31,LAA,-1
Tanner Scheppers,29,TEX,0
Dominic Leone,24,ARI,-2
Trevor May,26,MIN,0
Rafael Ynoa,28,COL,-1
Austin Brice,24,MIA,-1
Austin Adams,29,CLE,0
Johnny Barbato,23,NYY,-1
Ashur Tolliver,28,BAL,0
Tony Zych,25,SEA,-1
Al Alburquerque,30,LAA,0
Dustin Antolin,26,TOR,-1
Jayson Aquino,23,BAL,0
Jonathan Aro,25,SEA,0
Buddy Baumann,28,SDP,0
Parker Bridwell,24,BAL,0
Mike Broadway,29,SFG,0
Matt Buschmann,32,ARI,0
Scott Carroll,31,CHW,0
A.J. Cole,24,WSN,-2
Tyler Danish,21,CHW,0
Matt Dermody,25,TOR,-1
Scott Diamond,29,TOR,0
Dayan Diaz,27,CIN,0
Carlos Frias,26,LAD,0
Tom Gorzelanny,33,CLE,0
Trevor Gott,23,WSN,0
Matt Grace,27,WSN,0
J.R. Graham,26,MIN,-1
Mayckol Guaipe,25,SEA,0
Tayron Guerrero,25,SDP,0
David Hale,28,COL,0
Cody Hall,28,MIA,0
Andrew Heaney,25,LAA,0
Chris Heston,28,SFG,-1
Jonathan Holder,23,NYY,-1
Michael Kirkman,29,TOT,
Matt Koch,25,ARI,0
Arnold Leon,27,TOR,0
Adam Loewen,32,ARI,0
Damien Magnifico,25,MIL,0
Matt Marksberry,25,ATL,0
Kelvin Marte,28,PIT,0
Rafael Martin,32,WSN,0
Mike Mayers,24,STL,0
Vin Mazzaro,29,SFG,0
Yohander Mendez,21,TEX,0
Mike Miller,26,BOS,0
Juan Minaya,25,CHW,0
Conor Mullee,28,NYY,0
Steven Okert,24,SFG,0
Henry Owens,23,BOS,0
Curtis Partch,29,PIT,0
Ariel Pena,27,MIL,0
Felix Pena,26,CHC,0
Glen Perkins,33,MIN,0
Zach Phillips,29,PIT,-1
Branden Pinder,27,NYY,0
Jo-Jo Reyes,31,MIA,0
Matt Reynolds,31,SFG,-1
Donn Roach,26,SEA,0
Brady Rodgers,25,HOU,0
Alex Rodriguez,40,NYY,0
Joely Rodriguez,24,PHI,-1
Ben Rowen,27,MIL,0
James Russell,30,PHI,0
Robby Scott,26,BOS,-1
Evan Scribner,30,SEA,0
Carson Smith,26,BOS,0
Jake Smith,26,SDP,0
Nick Tepesch,27,LAD,0
Jose Torres,22,SDP,0
Chin-hui Tsao,35,LAD,0
Sam Tuivailala,23,STL,0
Daniel Webb,26,CHW,0
J.B. Wendelken,23,OAK,-1
Joe Wieland,26,SEA,0
Daniel Winkler,26,ATL,0